cand_id,elected_via,area_district,incumbent,list_state,list_no,gender,birthyear,mean_share_mp,mean_distance,n
82,List,11315.914798841355,0,Niedersachsen,3,male,1965,0.1111111111111111,193.88888888888889,18
218,Direct,8902.510515739217,1,Saarland,1,male,1958,0.19230769230769232,164.73076923076923,26
259,List,4515.332617648171,1,Baden-Württemberg,1,female,1968,0.5555555555555556,104.44444444444444,18
280,Direct,497.3026168085664,1,Hamburg,4,male,1973,0.812206572769953,50.44600938967136,213
390,List,21556.816543515586,0,Schleswig-Holstein,3,female,1959,0.6666666666666666,60.857142857142854,21
524,List,9993.58446508411,0,Bayern,11,female,1983,0.46875,99.75,32
530,List,6703.896938307044,1,Brandenburg,1,female,1980,0.13636363636363635,268.70454545454544,88
617,Direct,16513.361332782053,1,Baden-Württemberg,NA,male,1975,0.35260115606936415,111.76300578034682,173
623,List,12167.045795945542,1,Rheinland-Pfalz,3,female,1968,0.14130434782608695,189.70652173913044,92
631,List,10514.119223408437,0,Bayern,5,female,1963,0.48863636363636365,82.22727272727273,88
667,Direct,774.4576597197047,1,Hamburg,6,male,1959,0.8235294117647058,29.764705882352942,34
671,Direct,12575.678751071777,1,Hessen,5,male,1974,0.33766233766233766,126.8051948051948,77
675,List,9898.740379524505,1,Mecklenburg-Vorpommern,1,male,1958,0.1553398058252427,265.20388349514565,206
689,Direct,1178.7718047908202,1,Nordrhein-Westfalen,32,female,1968,0.8828828828828829,20.855855855855857,222
718,List,23538.650435910284,0,Bayern,11,female,1987,0.3125,107.5,16
805,List,793.4965989627477,0,Bayern,9,female,1959,0.64,46.4,25
812,List,5052.766032122615,0,Baden-Württemberg,12,male,1983,0.06711409395973154,124.61744966442953,149
822,Direct,266.61097395492425,0,Berlin,NA,female,1966,0.8046181172291297,68.64653641207815,563
926,List,1017.0679586826636,0,Nordrhein-Westfalen,19,male,1967,0.25,117.75,20
928,List,860.9338936323527,0,Hessen,1,female,1970,0.2743362831858407,187.46017699115043,113
933,Direct,15712.207055833373,1,Niedersachsen,26,male,1981,0.16666666666666666,125.16666666666667,12
1146,List,1734.4718276979581,0,Baden-Württemberg,9,male,1972,0.22167487684729065,135.8768472906404,203
1201,List,12958.737663366896,0,Schleswig-Holstein,2,male,1978,0.02588235294117647,218.51294117647058,425
1223,Direct,5609.09241171024,0,Baden-Württemberg,NA,male,1979,0.8787878787878788,15.18939393939394,132
1273,Direct,3601.411697600971,1,Baden-Württemberg,6,male,1979,0.536144578313253,33.31927710843374,166
1294,List,3043.810297100037,1,Baden-Württemberg,4,male,1950,0.5106382978723404,89.53191489361703,47
1311,List,1022.5483381675984,1,Nordrhein-Westfalen,2,male,1961,0.46153846153846156,78.3076923076923,26
1361,List,12644.47955631738,0,Rheinland-Pfalz,3,male,1988,0.1,175.16666666666666,30
1468,List,26414.774764837144,0,Bayern,2,male,1969,0.12121212121212122,131.57575757575756,33
1658,List,7219.883647172896,0,Baden-Württemberg,9,male,1986,0.14285714285714285,181.52380952380952,21
1659,List,11820.353998450508,0,Rheinland-Pfalz,3,male,1983,0.3111111111111111,97.35555555555555,45
1673,List,4417.326282591618,0,Thüringen,1,male,1966,0.21480270838197524,71.421667055802,4283
1683,List,1734.4718276979581,0,Baden-Württemberg,6,male,1990,0.345679012345679,132.75617283950618,324
1696,List,3043.810297100037,1,Baden-Württemberg,9,female,1979,0.30357142857142855,133.89285714285714,56
1714,Direct,13388.754706588814,1,Hessen,1,male,1972,0.4857142857142857,92.14285714285714,35
1721,List,5110.786414095975,0,Baden-Württemberg,6,male,1961,0.1504950495049505,169.22772277227722,505
1757,Direct,839.5358992163534,0,Bayern,22,male,1971,1,0,22
1763,Direct,23353.750813830462,1,Sachsen-Anhalt,1,female,1962,0.7678571428571429,15.660714285714286,112
1811,List,16389.36080114475,0,Baden-Württemberg,1,female,1960,0.32653061224489793,87.61224489795919,98
1826,Direct,8630.77389168342,1,Nordrhein-Westfalen,7,male,1968,0.08695652173913043,212.17391304347825,23
1890,List,12896.901678586655,1,Baden-Württemberg,5,female,1985,0.6212121212121212,46.14393939393939,132
1904,List,16801.643240475856,1,Bayern,15,male,1953,0.5555555555555556,56.08888888888889,45
1978,List,2415.713297861345,1,Hessen,3,female,1971,0.1792452830188679,128.73584905660377,212
2025,List,17114.579078618026,0,Sachsen-Anhalt,3,female,1963,0.56,73.28,25
2069,List,1436.6851103821198,1,Bayern,3,male,1964,0.6379310344827587,61.56896551724138,58
2100,List,1049.9238604368215,0,Nordrhein-Westfalen,4,male,1977,0.13286713286713286,211.62237762237763,143
2136,List,877.7007556150339,0,Bayern,4,male,1972,0.14935064935064934,321.7792207792208,154
2146,Direct,31050.91313039488,1,Bayern,3,female,1978,0.1864406779661017,138.11864406779662,59
2260,Direct,1258.9427402309,1,Nordrhein-Westfalen,56,male,1971,0.7303921568627451,54.450980392156865,204
2326,List,7219.883647172896,1,Baden-Württemberg,12,male,1974,0.25,109.22222222222223,36
2369,List,939.3122617376887,0,Baden-Württemberg,11,female,1983,0.6696428571428571,78.15178571428571,112
2375,Direct,21035.217446991912,0,Sachsen,5,male,1975,0.37362637362637363,186.15384615384616,91
2515,List,1017.0679586826636,1,Nordrhein-Westfalen,3,female,1975,0.06976744186046512,131.8139534883721,43
2617,List,11315.914798841355,1,Niedersachsen,2,male,1950,0,111.6875,80
2634,List,16801.643240475856,1,Bayern,3,female,1971,0.2248062015503876,139.5891472868217,129
2718,List,4136.7680621668615,1,Sachsen-Anhalt,3,male,1961,0,206.30434782608697,23
2841,List,3453.2484250238763,0,Nordrhein-Westfalen,6,male,1976,0.08333333333333333,191.91666666666666,12
2878,List,31369.17263166986,0,Brandenburg,3,female,1968,0.2812006319115324,90.61769352290679,633
2987,List,1263.129559290765,0,Sachsen,3,male,1969,0.6666666666666666,32.416666666666664,24
2997,List,1228.7471280310451,1,Nordrhein-Westfalen,7,female,1984,0.6853932584269663,42.80898876404494,89
3088,List,1412.0871071910074,1,Nordrhein-Westfalen,3,female,1976,0.9300225733634312,13.599322799097065,886
3108,List,19533.70229275377,0,Niedersachsen,1,male,1977,0.13043478260869565,240.17391304347825,23
3154,List,22540.13956171826,1,Baden-Württemberg,8,male,1964,0.3333333333333333,100.94444444444444,18
3261,List,30001.69264122936,0,Niedersachsen,3,male,1959,0.12,126.8,25
3392,List,13246.67338046594,0,Nordrhein-Westfalen,15,male,1978,0.40789473684210525,73.8157894736842,76
3550,List,16632.317440899198,1,Baden-Württemberg,15,female,1961,0.20146520146520147,202.2967032967033,273
3597,List,47219.4161961222,0,Sachsen-Anhalt,2,male,1984,0.4846153846153846,91.15384615384616,130
3701,Direct,448.0189950931065,1,Berlin,NA,male,1968,0.461038961038961,182.72727272727272,154
3715,List,19094.237721332618,0,Bayern,7,male,1969,0.42,183.66,50
3733,List,23208.917540589875,0,Bayern,3,female,1973,0.2,139.3,70
3811,Direct,7156.0041150444995,1,Baden-Württemberg,NA,male,1966,0.49019607843137253,65.6470588235294,102
3980,Direct,22540.949918232345,1,Hessen,11,male,1960,0.2777777777777778,50.22222222222222,18
4019,List,18153.334745599976,1,Brandenburg,2,male,1951,0.8064516129032258,10.258064516129032,31
4088,List,3019.8905753332133,0,Nordrhein-Westfalen,7,male,1965,0.3259668508287293,106.47513812154696,181
4169,List,5609.09241171024,0,Baden-Württemberg,4,male,1991,0.3125,161.375,32
4290,List,877.7007556150339,0,Bayern,1,male,1976,0.5577889447236181,134.28140703517587,199
4313,List,11301.66991355779,0,Nordrhein-Westfalen,9,female,1958,0.16216216216216217,116.21621621621621,37
4318,Direct,12354.228269575371,1,Niedersachsen,25,male,1959,0.07407407407407407,149.92592592592592,27
4388,List,4620.076005082663,1,Baden-Württemberg,10,male,1970,0.0673854447439353,72.21832884097034,371
4437,Direct,11820.353998450508,1,Rheinland-Pfalz,4,male,1971,0.6810344827586207,35.543103448275865,116
4451,List,1175.5382524754516,1,Nordrhein-Westfalen,10,male,1977,0.018018018018018018,182.23423423423424,111
4494,List,964.9505775101383,0,Berlin,2,male,1976,0.5631067961165048,150.75728155339806,103
4727,List,527.1963510336126,1,Bayern,2,female,1975,0.6860670194003528,56.80952380952381,567
4791,List,5614.530722508398,0,Nordrhein-Westfalen,4,male,1965,0.12903225806451613,233.19354838709677,31
4823,List,1412.0871071910074,0,Nordrhein-Westfalen,3,male,1966,0.5211864406779662,93.83474576271186,236
4885,Direct,3556.2718168864208,0,Hessen,21,male,1976,0.6907730673316709,42.8428927680798,401
4909,List,2225.236105272511,1,Nordrhein-Westfalen,4,female,1966,0.6707317073170732,52.94512195121951,164
4960,Direct,12437.496791560232,1,Niedersachsen,2,male,1960,0.2,174.08,125
5064,Direct,3453.2484250238763,1,Nordrhein-Westfalen,1,male,1961,0.7142857142857143,32,28
5065,Direct,568.2591901585213,1,Berlin,NA,male,1966,0.875,35.4375,16
5072,List,25746.319793616734,1,Bayern,11,male,1975,0.06666666666666667,131,30
5152,Direct,5052.766032122615,1,Baden-Württemberg,NA,male,1970,0.8469055374592834,25.263843648208468,307
5159,Direct,1668.0911000357603,1,Berlin,NA,male,1948,0.4166666666666667,239.91666666666666,12
5215,List,4417.326282591618,1,Thüringen,1,female,1966,0.19827586206896552,167.5344827586207,116
5370,List,16424.390587043446,0,Bayern,10,male,1967,0.5714285714285714,85.4,35
5411,Direct,6620.183102947461,1,Bayern,37,male,1974,0.11428571428571428,264.9428571428571,35
5438,Direct,3143.250600982451,1,Hamburg,8,male,1969,0.8205128205128205,54.743589743589745,39
5566,Direct,2002.6272294313055,1,Nordrhein-Westfalen,22,male,1963,0.5031055900621118,44.7888198757764,161
5611,List,6581.68657885051,1,Nordrhein-Westfalen,15,male,1977,0.34782608695652173,45.96521739130435,115
5693,Direct,1175.5382524754516,1,Nordrhein-Westfalen,13,male,1977,0.31561461794019935,151.5282392026578,301
5697,List,1022.5483381675984,0,Nordrhein-Westfalen,2,male,1973,0.5365853658536586,55.609756097560975,41
5715,Direct,26748.36958312895,1,Thüringen,NA,male,1984,0.6129032258064516,80.80645161290323,31
5753,List,2933.1439877796274,1,Nordrhein-Westfalen,1,female,1961,0.5384615384615384,75.54358974358975,390
5839,Direct,18134.04862718618,1,Niedersachsen,5,male,1972,0.13725490196078433,165.15686274509804,102
5840,Direct,13322.742688272276,1,Rheinland-Pfalz,5,female,1961,0.16666666666666666,113.08333333333333,12
5847,Direct,1021.8894005809923,0,Berlin,4,male,1964,0.9722222222222222,11.055555555555555,36
5897,Direct,2203.6887304741867,1,Sachsen,9,male,1964,0.9166666666666666,10.145833333333334,48
5974,List,3229.0648816967087,0,Nordrhein-Westfalen,17,female,1986,0.6,59.977777777777774,45
5979,List,13246.67338046594,1,Nordrhein-Westfalen,3,male,1958,0.41935483870967744,93.6774193548387,31
5998,List,8630.77389168342,0,Nordrhein-Westfalen,8,male,1959,0.032679738562091505,201.34313725490196,306
6052,Direct,12572.422404125931,0,Nordrhein-Westfalen,NA,male,1976,0.639344262295082,75.60655737704919,61
6094,List,14247.875404331016,0,Nordrhein-Westfalen,11,male,1971,0.3333333333333333,193.16666666666666,18
6095,List,22166.5942783926,0,Sachsen,1,male,1973,0.027777777777777776,93.88888888888889,108
6191,List,3601.411697600971,0,Baden-Württemberg,7,male,1971,0.17419354838709677,175.28387096774193,155
6203,List,839.5358992163534,0,Bayern,3,female,1972,0.6271186440677966,25.694915254237287,59
6352,Direct,23812.485917084377,1,Thüringen,4,male,1976,0.4605263157894737,79.59210526315789,76
6353,Direct,1022.5483381675984,1,Nordrhein-Westfalen,54,male,1958,0.6311475409836066,88.35245901639344,122
6356,List,11820.353998450508,1,Rheinland-Pfalz,6,male,1982,0.515527950310559,64.11801242236025,161
6377,List,14365.72973246841,0,Niedersachsen,4,male,1975,0,230.5,16
6404,List,22540.949918232345,0,Hessen,5,female,1960,0.3225806451612903,32.41935483870968,31
6405,List,11519.333655757337,0,Baden-Württemberg,10,male,1957,0.21875,179.65625,32
6485,List,21234.3942148132,0,Hessen,6,male,1948,0.38461538461538464,95.64102564102564,39
6517,List,34580.31422074393,0,Mecklenburg-Vorpommern,1,male,1970,0.2661290322580645,123.9274193548387,124
6534,List,12029.827229740209,0,Niedersachsen,6,male,1961,0.42105263157894735,60.8421052631579,19
6700,List,1630.2173666601614,1,Nordrhein-Westfalen,4,male,1963,0.28994082840236685,171.18934911242604,169
6746,List,7872.696306772487,1,Baden-Württemberg,2,female,1966,0.3333333333333333,76.23611111111111,72
6765,List,16357.762377921255,0,Rheinland-Pfalz,4,female,1970,0.14285714285714285,126.42857142857143,70
6775,List,9299.122385336808,0,Rheinland-Pfalz,1,male,1973,0.21052631578947367,57.526315789473685,19
6788,Direct,393.12569154862734,1,Berlin,1,female,1969,0.4,221.64,25
6797,List,47219.4161961222,0,Sachsen-Anhalt,4,male,1975,0.7075471698113207,32.66981132075472,106
7017,List,906.6045896777208,1,Bayern,6,male,1976,0.4834123222748815,88.03554502369668,422
7067,Direct,1289.986224157226,1,Nordrhein-Westfalen,12,male,1973,0.6819672131147541,67.20655737704918,305
7083,List,1258.9427402309,1,Nordrhein-Westfalen,5,female,1951,0.06,241.3,50
7154,List,6410.630972877878,0,Baden-Württemberg,3,male,1968,0,156.85714285714286,28
7193,List,7156.0041150444995,0,Baden-Württemberg,12,male,1977,0.26666666666666666,37.642194092827005,2370
7213,List,39170.334378932675,1,Mecklenburg-Vorpommern,2,male,1967,0.5893719806763285,38.671497584541065,207
7228,List,9011.160791303255,1,Baden-Württemberg,16,male,1959,0.875,35.916666666666664,24
7284,Direct,3453.1602668807723,1,Nordrhein-Westfalen,50,male,1970,0.5277777777777778,48.69444444444444,36
7318,List,15625.610633258113,0,Thüringen,2,female,1987,0.5674157303370787,51.49438202247191,178
7430,List,1534.2960082748627,0,Bremen,1,female,1966,0.7142857142857143,48,98
7484,Direct,3137.953203971366,0,Rheinland-Pfalz,15,male,1979,0.896551724137931,24.689655172413794,29
7529,List,8758.595538076432,1,Baden-Württemberg,11,female,1960,0.72,30.4,25
7542,Direct,1153.3382731834947,1,Baden-Württemberg,7,male,1969,0.6865203761755486,80.58307210031347,319
7607,List,16328.728520440294,1,Bayern,4,male,1953,0.36363636363636365,96.36363636363636,11
7608,Direct,1412.0871071910074,1,Nordrhein-Westfalen,NA,male,1968,0.7532751091703057,47.55458515283843,458
7636,Direct,14720.086147802522,1,Baden-Württemberg,NA,female,1989,0.625,87.625,16
7637,List,4417.326282591618,0,Thüringen,1,male,1965,0.47337278106508873,39.437869822485204,169
7699,List,860.9338936323527,0,Hessen,2,male,1964,0.5173611111111112,60.78819444444444,288
7702,List,21154.214357599147,0,Niedersachsen,6,male,1971,0.2459016393442623,119,61
7707,List,15712.207055833373,1,Niedersachsen,5,female,1969,0.17647058823529413,115.07843137254902,51
7756,Direct,16389.36080114475,1,Baden-Württemberg,NA,male,1963,0.6233766233766234,64.45454545454545,77
7780,List,901.7786000464404,1,Niedersachsen,4,male,1985,0.5254691689008043,101.10187667560322,373
7799,List,808.3441877897969,1,Sachsen,1,female,1978,0.5259593679458239,112.72460496613995,443
7848,List,266.61097395492425,1,Berlin,3,female,1975,0.4,180.1,40
7922,List,7585.731317724725,0,Bayern,2,male,1977,0.5,92.625,24
7939,List,3023.860762514708,1,Nordrhein-Westfalen,9,female,1958,0.6651162790697674,44.85581395348837,215
7986,Direct,27236.608319260828,1,Niedersachsen,7,male,1978,0.17857142857142858,219.02380952380952,84
8048,List,964.9505775101383,0,Berlin,2,female,1980,0.625,131.85714285714286,56
8119,Direct,24808.392948566812,1,Niedersachsen,27,male,1967,0.5833333333333334,60.416666666666664,12
8231,Direct,42341.073569025495,1,Brandenburg,2,male,1962,0.8527131782945736,38.78294573643411,129
8271,List,1716.1937209994053,1,Sachsen,1,female,1980,0,58.79032258064516,62
8295,List,49520.49846518752,0,Mecklenburg-Vorpommern,2,male,1968,0.5,195.58333333333334,12
8303,List,22813.05164064438,0,Rheinland-Pfalz,4,female,1982,0.3333333333333333,83,18
8353,List,22597.736302504836,1,Sachsen-Anhalt,2,male,1977,0.425,126.5,40
8422,List,15617.551684565107,0,Bayern,12,male,1974,0,294.3333333333333,12
8535,List,17963.405722279003,1,Niedersachsen,3,female,1956,0.39285714285714285,62,28
8595,List,9368.807962524288,1,Nordrhein-Westfalen,2,male,1969,0.10062893081761007,68.98113207547169,159
8651,List,497.3026168085664,1,Hamburg,2,male,1961,0.9032258064516129,28.193548387096776,31
8757,List,12637.78892422707,0,Niedersachsen,6,male,1989,0.364,101.688,250
8842,List,1258.9427402309,1,Nordrhein-Westfalen,8,male,1966,0.9545454545454546,6.181818181818182,44
8918,List,906.6045896777208,0,Bayern,6,male,1986,0.13333333333333333,258.73333333333335,15
8960,List,1133.5408887741771,0,Niedersachsen,2,male,1967,0.627906976744186,86.06976744186046,86
9051,List,7872.696306772487,1,Baden-Württemberg,6,male,1979,0.4025974025974026,88.35714285714286,154
9053,List,4160.443570390742,1,Sachsen,2,male,1979,0.0078125,107.78125,128
9065,Direct,21154.214357599147,1,Niedersachsen,23,male,1967,0.8153846153846154,13.569230769230769,65
9082,List,529.1486981029283,1,Berlin,3,female,1955,0.37538461538461537,207.13538461538462,325
9302,Direct,1304.208440014755,1,Nordrhein-Westfalen,58,male,1963,0.4032258064516129,151.18951612903226,248
9310,List,22166.5942783926,1,Sachsen,3,female,1972,0.2185430463576159,186.0794701986755,302
9312,List,1263.129559290765,1,Sachsen,1,female,1967,0.5875486381322957,35.25486381322957,514
9349,List,1022.5483381675984,0,Nordrhein-Westfalen,4,male,1979,0.71,53.15,300
9386,List,21146.689566539004,1,Hessen,1,female,1961,0.05263157894736842,144.51461988304092,171
9394,Direct,3449.9837510279017,1,Hessen,6,female,1975,0.6206896551724138,33.67816091954023,174
9421,List,21809.669037508644,1,Sachsen-Anhalt,1,female,1968,0.43434343434343436,78.31313131313131,99
9451,Direct,14163.390959486042,1,Bayern,NA,male,1981,0.18604651162790697,159.62790697674419,43
9573,Direct,964.9505775101383,1,Berlin,2,male,1972,0.5057915057915058,154.8841698841699,259
9639,Direct,1299.7241694929098,0,Nordrhein-Westfalen,31,male,1976,0.43373493975903615,112.12048192771084,83
9648,List,11820.353998450508,1,Rheinland-Pfalz,2,male,1982,0.11538461538461539,163.84615384615384,26
9652,List,4366.010763125965,0,Nordrhein-Westfalen,1,male,1979,0,229.7972972972973,74
9714,List,5891.906950955195,1,Sachsen-Anhalt,1,male,1965,0.4742268041237113,73.87628865979381,97
9833,Direct,529.1486981029283,1,Berlin,3,male,1975,0.7238095238095238,98.06666666666666,105
9841,Direct,14729.58219267879,1,Bayern,7,female,1975,0.6947368421052632,61.11578947368421,95
9869,List,8000.90918153201,0,Saarland,1,male,1979,0.4780952380952381,97.81333333333333,525
9931,Direct,519.0104581018846,1,Berlin,3,female,1961,0.82,41.346666666666664,150
10000,List,8902.510515739217,0,Saarland,1,male,1966,0.08333333333333333,227.85,120
10069,List,939.3122617376887,0,Baden-Württemberg,2,male,1944,0.5,91.38888888888889,18
10075,List,808.3441877897969,0,Sachsen,2,male,1962,0.39805825242718446,146.74433656957927,309
10289,List,6695.588139143498,1,Baden-Württemberg,7,female,1971,0.3925233644859813,129.39252336448598,107
10311,List,16317.534155801935,0,Thüringen,3,male,1961,0.7857142857142857,20.357142857142858,14
10321,List,14720.086147802522,1,Baden-Württemberg,5,female,1954,0.27419354838709675,200.70967741935485,62
10495,List,266.61097395492425,0,Berlin,4,male,1975,0.9558823529411765,13.860294117647058,136
10501,Direct,7167.136448458114,1,Hessen,2,male,1961,0.605072463768116,39.405797101449274,276
10661,List,568.2591901585213,0,Berlin,1,male,1975,0.5425531914893617,115.56382978723404,94
10761,List,1049.9238604368215,1,Nordrhein-Westfalen,5,female,1976,0.22727272727272727,156.3181818181818,44
10782,List,964.9505775101383,1,Berlin,4,male,1964,0.5815602836879432,126.24113475177305,141
10839,List,8299.632941071675,0,Niedersachsen,5,female,1980,0.3333333333333333,151.8148148148148,27
10857,Direct,11611.074377871031,0,Niedersachsen,19,male,1984,0.26666666666666666,92.53333333333333,15
10959,List,1245.326445994523,1,Nordrhein-Westfalen,6,male,1984,0.07505070993914807,224.58823529411765,493
10963,List,21809.669037508644,0,Sachsen-Anhalt,4,male,1958,0.467005076142132,87.3756345177665,197
11044,List,6606.883218577226,1,Schleswig-Holstein,1,female,1960,0.11538461538461539,141.19230769230768,52
11059,Direct,13833.962193994454,0,Niedersachsen,18,female,1983,0.875,33.0625,16
11079,Direct,1281.819381962754,1,Nordrhein-Westfalen,42,male,1949,0.8888888888888888,4.333333333333333,18
11101,List,11680.095061017288,0,Hessen,6,male,1969,0.4957983193277311,58.34453781512605,119
11104,List,15337.151347484738,1,Hessen,8,female,1959,0.659016393442623,23.881967213114756,305
11107,List,34580.31422074393,0,Mecklenburg-Vorpommern,1,female,1981,0.3157894736842105,114.12631578947368,95
11108,List,2203.6887304741867,1,Sachsen,4,male,1964,0.6506238859180036,57.84135472370767,561
11126,List,6703.896938307044,1,Brandenburg,4,male,1986,0.7542372881355932,39.76271186440678,118
11131,Direct,6404.678297747446,1,Bayern,11,male,1975,0.14285714285714285,149.25,28
11163,Direct,21809.669037508644,0,Sachsen-Anhalt,6,male,1989,0.6953125,51.6640625,128
11246,List,1245.326445994523,0,Nordrhein-Westfalen,18,male,1992,0.36363636363636365,90.63636363636364,11
11248,List,10890.438421534049,1,Baden-Württemberg,7,female,1960,0.7682926829268293,45.58536585365854,82
11255,List,2203.6887304741867,0,Sachsen,3,male,1982,0.44680851063829785,102.06382978723404,47
11327,List,497.3026168085664,0,Hamburg,2,female,1980,0.8977272727272727,31.568181818181817,176
11392,List,20052.193372952126,0,Schleswig-Holstein,3,female,1977,0.037037037037037035,125.62962962962963,27
11400,List,6581.68657885051,1,Nordrhein-Westfalen,10,male,1969,0.08823529411764706,139.76470588235293,34
11440,List,29730.67825915413,0,Brandenburg,2,male,1956,0.0875,155.975,80
11491,Direct,15039.304246475636,1,Rheinland-Pfalz,12,male,1967,0.6833333333333333,38.733333333333334,180
11568,List,1612.8345668094582,1,Hessen,6,female,1959,0.8009554140127388,29.523885350318473,628
11605,List,21599.416616981893,0,Hessen,4,male,1988,0.0625,160.71875,32
11625,List,13436.664385796328,1,Schleswig-Holstein,2,male,1971,0.13245033112582782,262.50331125827813,151
11626,List,1612.8345668094582,1,Hessen,2,male,1975,0.6992481203007519,43.40601503759399,133
11718,Direct,6251.652161498533,1,Nordrhein-Westfalen,53,male,1975,0.8289473684210527,23.06578947368421,76
11782,Direct,12637.78892422707,1,Niedersachsen,1,male,1954,0.2413793103448276,141.93103448275863,29
11875,Direct,23538.650435910284,1,Bayern,NA,male,1980,0.7948717948717948,14.153846153846153,78
11915,Direct,877.7203371474873,1,Nordrhein-Westfalen,44,female,1961,0.9545454545454546,12.681818181818182,44
11955,List,5891.906950955195,0,Sachsen-Anhalt,2,male,1960,0.14615384615384616,177.73846153846154,130
11967,Direct,611.7989029831895,1,Berlin,1,female,1963,0.33620689655172414,223.33189655172413,232
11999,List,568.2591901585213,1,Berlin,1,female,1968,0.5785123966942148,161.50413223140495,121
12030,Direct,1263.129559290765,0,Sachsen,NA,male,1977,0.7482394366197183,30.378521126760564,568
12058,List,12354.228269575371,0,Niedersachsen,4,male,1982,0.19827586206896552,78.6896551724138,116
12090,List,16424.390587043446,0,Bayern,11,male,1982,0.11940298507462686,169.6865671641791,201
12130,List,8000.90918153201,1,Saarland,3,male,1965,0.6153846153846154,22.03846153846154,52
12131,Direct,16477.246856483478,0,Sachsen,1,female,1975,0.03125,141.71875,32
12197,List,4515.332617648171,0,Baden-Württemberg,4,male,1965,0.3170731707317073,151.9268292682927,41
12332,List,26847.467928994072,0,Thüringen,2,male,1964,0.2,68.13333333333334,15
12355,List,19092.840835809337,0,Niedersachsen,3,female,1978,0.10185185185185185,138.6327160493827,324
12406,Direct,10828.02242416167,1,Nordrhein-Westfalen,5,male,1959,0.2972972972972973,76.17567567567568,148
12407,List,877.7007556150339,1,Bayern,9,male,1981,0.7682403433476395,23.13733905579399,233
12502,List,22687.108271933885,1,Bayern,1,male,1972,0.11290322580645161,177.1451612903226,62
12506,List,22687.108271933885,0,Bayern,9,male,1977,0.23972602739726026,206.8013698630137,146
12921,List,9898.740379524505,0,Mecklenburg-Vorpommern,1,male,1978,0.2422360248447205,157.04347826086956,161
12979,List,1837.8433134928425,0,Nordrhein-Westfalen,1,male,1954,0.04411764705882353,196.52941176470588,68
12980,List,4417.326282591618,1,Thüringen,1,female,1967,0.15654205607476634,159.41355140186917,428
13090,List,23446.13900371098,1,Niedersachsen,4,female,1962,0.9145299145299145,10.52991452991453,117
13161,List,939.3122617376887,0,Baden-Württemberg,1,male,1955,0.14728682170542637,287.2248062015504,129
13169,List,877.7203371474873,1,Nordrhein-Westfalen,17,male,1962,0.8146341463414634,26.253658536585366,205
13214,List,21556.816543515586,1,Schleswig-Holstein,2,male,1975,0.624390243902439,34.55609756097561,205
13255,Direct,8299.632941071675,1,Niedersachsen,11,male,1986,0.3793103448275862,93.10344827586206,29
13329,List,7872.696306772487,1,Baden-Württemberg,14,male,1976,0.4166666666666667,147.5,48
13358,List,6606.883218577226,1,Schleswig-Holstein,4,male,1951,0.42857142857142855,46.57142857142857,14
13369,Direct,21146.689566539004,1,Hessen,1,male,1970,0.25426136363636365,118.58380681818181,704
13406,List,31050.91313039488,0,Bayern,7,female,1972,0.24293785310734464,99.71751412429379,177
13524,Direct,1534.2960082748627,1,Bremen,1,female,1983,0.8571428571428571,26.428571428571427,14
13595,Direct,4898.129544076396,1,Nordrhein-Westfalen,NA,male,1965,0.20398009950248755,186.87562189054725,201
13609,List,4653.362893884993,1,Rheinland-Pfalz,1,female,1966,0.5939086294416244,47.129441624365484,394
13619,Direct,12644.47955631738,1,Rheinland-Pfalz,7,male,1955,0.6987951807228916,41.161144578313255,664
13648,Direct,14009.788151562641,1,Niedersachsen,21,male,1967,0.5441176470588235,74.47058823529412,68
13750,List,3143.250600982451,1,Hamburg,2,male,1982,0.9285714285714286,20,70
13759,List,527.1963510336126,0,Bayern,5,male,1949,0.22424242424242424,255.95151515151514,165
13919,List,1745.283885513886,1,Nordrhein-Westfalen,11,female,1966,0.35526315789473684,136.93421052631578,76
14027,Direct,14994.977555500314,1,Bayern,4,male,1974,0.15384615384615385,298.6923076923077,13
14038,List,1446.3455230851375,1,Baden-Württemberg,4,male,1972,0.06666666666666667,205.93333333333334,15
14059,List,62516.65843951303,0,Mecklenburg-Vorpommern,3,female,1969,0.26666666666666666,215.2,75
14114,Direct,40109.91711499901,1,Brandenburg,4,female,1979,0.38461538461538464,149.53846153846155,13
14136,List,784.4534142131391,0,Hamburg,2,male,1958,0.6551724137931034,94.15517241379311,58
14141,Direct,17730.453454520015,1,Thüringen,5,male,1976,0.8440366972477065,19.718654434250766,654
14284,List,4620.076005082663,0,Baden-Württemberg,6,male,1973,0.46511627906976744,74.06976744186046,43
14309,List,11481.351323747765,1,Hessen,4,female,1973,0.7142857142857143,37.22857142857143,35
14329,List,14682.636623862081,0,Bayern,10,male,1981,0.4375,89.25,16
14517,List,4417.326282591618,1,Thüringen,1,male,1976,0.5230769230769231,86.95384615384616,65
14535,List,1049.9238604368215,0,Nordrhein-Westfalen,5,male,1964,0.27325581395348836,126.73255813953489,172
14596,Direct,30931.510009390302,1,Rheinland-Pfalz,1,male,1968,0.35294117647058826,124.6470588235294,17
14694,Direct,17963.405722279003,0,Niedersachsen,13,male,1983,0.8378378378378378,20.783783783783782,37
14702,List,6620.183102947461,0,Bayern,7,female,1958,0.05084745762711865,88.7457627118644,236
14714,Direct,18558.840170009,0,Baden-Württemberg,NA,male,1986,0.7567567567567568,36.08108108108108,74
14866,List,6620.183102947461,0,Bayern,4,male,1968,0.05555555555555555,99.44444444444444,18
14906,List,2687.2411164402356,1,Hessen,3,female,1956,0.33969465648854963,86.01908396946565,262
14982,Direct,11519.333655757337,1,Baden-Württemberg,NA,male,1961,0.5625,153.25,64
15006,Direct,1648.2836509685806,1,Nordrhein-Westfalen,54,male,1970,0.4642857142857143,87.86904761904762,84
15023,Direct,5136.271504856958,1,Nordrhein-Westfalen,35,male,1974,0.3333333333333333,47.8,15
15024,List,9993.58446508411,1,Bayern,13,male,1965,0.5714285714285714,79.76691729323308,133
15061,List,18558.840170009,1,Baden-Württemberg,3,female,1962,0.35135135135135137,99.54054054054055,74
15079,Direct,23095.194584292993,0,Sachsen-Anhalt,8,male,1968,0.7368421052631579,40.35087719298246,57
15180,List,10828.02242416167,0,Nordrhein-Westfalen,9,male,1968,0.13043478260869565,105.28260869565217,46
15203,Direct,8000.90918153201,1,Saarland,2,female,1983,0.7368421052631579,55.473684210526315,19
15235,Direct,6703.896938307044,0,Brandenburg,3,female,1976,0.6689419795221843,55.81911262798635,293
15449,Direct,19523.702137969784,1,Nordrhein-Westfalen,NA,male,1971,0.2857142857142857,148.21428571428572,14
15573,Direct,9993.58446508411,1,Bayern,12,male,1968,0.12,150.96,25
15583,Direct,2415.713297861345,0,Hessen,22,male,1981,0.6875,18.625,48
15618,List,4136.7680621668615,0,Sachsen-Anhalt,1,male,1978,0,198.85714285714286,14
15619,List,4136.7680621668615,1,Sachsen-Anhalt,1,female,1960,0.03488372093023256,82.43023255813954,86
15631,List,1153.3382731834947,0,Baden-Württemberg,2,female,1975,0.6206896551724138,106.86206896551724,29
15709,Direct,5891.906950955195,1,Sachsen-Anhalt,3,male,1975,0.8166666666666667,26.941666666666666,240
15720,Direct,9748.869140844541,1,Nordrhein-Westfalen,NA,male,1980,0.10091743119266056,235.19266055045873,218
15724,List,1153.3382731834947,0,Baden-Württemberg,10,male,1971,0.30742049469964666,192.72791519434628,283
15809,List,6703.896938307044,0,Brandenburg,3,male,1979,0.3142857142857143,145.4857142857143,35
15834,List,12437.496791560232,1,Niedersachsen,8,female,1976,0.40932642487046633,67.96373056994818,193
15844,Direct,9896.253255837222,0,Bayern,19,female,1981,0.8918918918918919,19.783783783783782,37
15895,List,2687.2411164402356,0,Hessen,4,female,1968,0.058823529411764705,109.70588235294117,51
15931,Direct,891.1557649882102,1,Berlin,NA,male,1966,0.8333333333333334,64.45833333333333,24
15945,Direct,793.4965989627477,1,Bayern,NA,male,1985,0.9411764705882353,35.76470588235294,17
15968,Direct,12167.045795945542,0,Rheinland-Pfalz,10,male,1972,0.6703296703296703,72.41758241758242,91
15976,Direct,9898.740379524505,1,Mecklenburg-Vorpommern,5,male,1968,0.797979797979798,58,99
15979,Direct,1424.9583366377014,0,Schleswig-Holstein,9,male,1970,0.3090909090909091,184.56969696969696,165
15999,Direct,56509.82632017176,1,Brandenburg,7,male,1973,0.7516556291390728,53.00441501103753,1812
16022,Direct,8627.05073494411,1,Rheinland-Pfalz,13,male,1987,0.532258064516129,57.403225806451616,62
16174,List,393.12569154862734,0,Berlin,1,female,1971,0.013333333333333334,308.8933333333333,75
16175,Direct,13291.067254254804,1,Schleswig-Holstein,4,male,1958,0.6,47.48888888888889,45
16185,List,1289.986224157226,0,Nordrhein-Westfalen,2,female,1958,0.7478005865102639,63.12609970674487,341
16189,List,2933.1439877796274,0,Nordrhein-Westfalen,12,male,1961,0.5060728744939271,39.336032388663966,247
16194,List,12896.901678586655,0,Baden-Württemberg,8,male,1987,0.20454545454545456,256.8181818181818,44
16234,List,2415.713297861345,1,Hessen,4,male,1964,0.3057324840764331,92.04458598726114,157
16295,List,16389.36080114475,0,Baden-Württemberg,13,female,1963,0.6,67.97142857142858,70
16356,List,774.4576597197047,0,Hamburg,1,female,1975,0.3103448275862069,240,29
16446,List,56509.82632017176,1,Brandenburg,1,female,1960,0.5120772946859904,103.96135265700484,207
16485,Direct,15337.151347484738,1,Hessen,4,male,1974,0.24242424242424243,132.6060606060606,66
16556,List,6703.896938307044,0,Brandenburg,1,female,1981,0.4444444444444444,165.03703703703704,27
16600,List,1734.4718276979581,0,Baden-Württemberg,1,male,1967,0.11363636363636363,169.77272727272728,44
16603,Direct,4221.819048093925,1,Nordrhein-Westfalen,61,male,1964,0.4977578475336323,109.0201793721973,446
16655,List,19094.237721332618,0,Bayern,7,male,1968,0.2689075630252101,177.42857142857142,119
16679,Direct,9011.160791303255,0,Baden-Württemberg,NA,male,1968,0.5263157894736842,82.42105263157895,19
16726,Direct,4417.326282591618,1,Thüringen,2,female,1964,0.7368421052631579,60.526315789473685,19
16761,List,1299.7241694929098,0,Nordrhein-Westfalen,16,male,1950,0.7586206896551724,9.724137931034482,29
16776,List,5609.09241171024,0,Baden-Württemberg,5,male,1979,0.3472222222222222,142.11111111111111,72
16851,List,8902.510515739217,1,Saarland,1,male,1977,0.07142857142857142,20.64835164835165,182
16867,List,12637.78892422707,1,Niedersachsen,2,male,1954,0.5085714285714286,80.45142857142856,350
16981,List,10514.119223408437,0,Bayern,12,male,1963,0.6136363636363636,71.27272727272727,88
16985,Direct,1656.559594153777,1,Bayern,25,male,1975,0.4444444444444444,169.56944444444446,72
16987,List,26748.36958312895,0,Thüringen,2,male,1962,0.47474747474747475,64.73737373737374,99
17082,List,25430.705554404645,1,Niedersachsen,1,female,1979,0.4878048780487805,80.8048780487805,328
17128,List,11568.655858480684,0,Nordrhein-Westfalen,5,male,1982,0.13131313131313133,131.87878787878788,99
17146,List,10876.609071343973,1,Nordrhein-Westfalen,7,female,1963,0.07462686567164178,129.41044776119404,134
17156,List,1153.3382731834947,1,Baden-Württemberg,9,female,1964,0.7368421052631579,61.71052631578947,38
17256,List,1158.1087701978106,0,Hamburg,3,male,1974,0.8636363636363636,45.59090909090909,22
17285,Direct,21556.816543515586,1,Schleswig-Holstein,1,male,1963,0.36363636363636365,88.72727272727273,11
17294,List,877.7203371474873,1,Nordrhein-Westfalen,1,female,1969,0.05263157894736842,262.89473684210526,19
17297,List,19728.65155865023,0,Bayern,6,male,1972,0.3389830508474576,102.77966101694915,118
17299,List,4478.22824101569,0,Hessen,1,female,1957,0.35294117647058826,90.47058823529412,17
17441,List,9896.253255837222,1,Bayern,5,female,1964,0.14173228346456693,68.32283464566929,127
17465,Direct,8987.072722184514,1,Sachsen,NA,male,1975,0.25252525252525254,60.25476992143659,891
17625,List,1001.2694439737942,1,Berlin,2,male,1972,0.8064516129032258,61.13824884792627,217
17652,List,8587.900264831123,0,Baden-Württemberg,1,female,1979,0.03418803418803419,286.2307692307692,234
17714,List,774.4576597197047,1,Hamburg,1,male,1967,0.9302325581395349,24.075581395348838,172
17753,Direct,15555.96245308282,1,Bayern,10,female,1976,0.6938775510204082,37.97959183673469,49
17899,List,12167.045795945542,1,Rheinland-Pfalz,2,female,1973,0.6666666666666666,60.60526315789474,114
17996,Direct,8758.595538076432,1,Baden-Württemberg,NA,male,1985,0.3076923076923077,132.56410256410257,39
18010,Direct,7872.696306772487,1,Baden-Württemberg,2,female,1966,0.25806451612903225,176.6048387096774,124
18037,List,527.1963510336126,0,Bayern,14,male,1964,0.27559055118110237,223.39370078740157,127
18135,List,9368.807962524288,0,Nordrhein-Westfalen,20,female,1987,0.11764705882352941,185.97058823529412,34
18598,List,3023.860762514708,1,Nordrhein-Westfalen,8,male,1954,0.050505050505050504,125.03030303030303,99
18701,List,937.8065162248819,0,Nordrhein-Westfalen,10,male,1985,0.041379310344827586,254.29655172413794,145
18733,List,11120.226331923619,1,Hessen,9,male,1981,0.41605839416058393,68.48175182481752,137
18909,List,1153.3382731834947,1,Baden-Württemberg,2,male,1965,0.3958333333333333,144.50347222222223,288
18910,Direct,1143.7166371254982,1,Nordrhein-Westfalen,63,male,1987,0.9090909090909091,14.727272727272727,22
18923,Direct,784.4534142131391,1,Hamburg,1,female,1967,0.7209302325581395,75.33023255813953,215
